{"name":"812f246a-5395-42f4-a1c4-2c552e1b66ca","id":"/providers/Microsoft.Flow/flows/812f246a-5395-42f4-a1c4-2c552e1b66ca","type":"Microsoft.Flow/flows","properties":{"apiId":"/providers/Microsoft.PowerApps/apis/shared_logicflows","displayName":"Demo Cancel Flow Run Instance Custom Connector","definition":{"metadata":{"workflowEntityId":null,"processAdvisorMetadata":null,"flowclientsuspensionreason":"None","flowclientsuspensiontime":null,"creator":{"id":"a0254c17-4e1d-4747-a116-29ec4e6c38d1","type":"User","tenantId":"d9e4b9dc-27a2-4a15-ba21-c6d7ab399800"},"provisioningMethod":"FromDefinition","failureAlertSubscription":true,"clientLastModifiedTime":"2021-07-10T04:08:26.4642993Z"},"$schema":"https://schema.management.azure.com/providers/Microsoft.Logic/schemas/2016-06-01/workflowdefinition.json#","contentVersion":"1.0.0.0","parameters":{"$connections":{"defaultValue":{},"type":"Object"},"$authentication":{"defaultValue":{},"type":"SecureObject"}},"triggers":{"When_a_row_is_added,_modified_or_deleted":{"type":"OpenApiConnectionWebhook","inputs":{"host":{"apiId":"/providers/Microsoft.PowerApps/apis/shared_commondataserviceforapps","connectionName":"shared_commondataserviceforapps","operationId":"SubscribeWebhookTrigger"},"parameters":{"subscriptionRequest/message":3,"subscriptionRequest/entityname":"account","subscriptionRequest/scope":4},"authentication":"@parameters('$authentication')"}}},"actions":{"Cancel_Run":{"runAfter":{},"type":"OpenApiConnection","inputs":{"host":{"apiId":"/providers/Microsoft.PowerApps/apis/shared_custom-20flow-20connector-5f888adf42785f7e17-5fdfba161d9a442d27","connectionName":"shared_custom-20flow-20connector-5f888adf42785f7e17-5fdfba161d9a442d27","operationId":"cancelRun"},"parameters":{"environmentId":"5a2b2c1f-b926-4bad-ba23-b52d2debb9b3","flowId":"46191069-8e03-4026-b09b-d73465250d45","runId":"@triggerOutputs()?['body/cr127_flowinstanceid']","api-version":"2016-11-01"},"authentication":"@parameters('$authentication')"}}},"outputs":{}},"connectionReferences":{"shared_custom-20flow-20connector-5f888adf42785f7e17-5fdfba161d9a442d27":{"connectionName":"5ea9892b583340c58f5d2549cc4cfcea","source":"Embedded","id":"/providers/Microsoft.PowerApps/apis/shared_custom-20flow-20connector-5f888adf42785f7e17-5fdfba161d9a442d27","tier":"NotSpecified"},"shared_commondataserviceforapps":{"connectionName":"shared-commondataser-83d4dc83-5f4c-4258-894e-67be-c4adbf04","source":"Embedded","id":"/providers/Microsoft.PowerApps/apis/shared_commondataserviceforapps","tier":"NotSpecified"}},"flowFailureAlertSubscribed":false}}