{"name":"91fd0127-7bce-49bc-b790-a7bf4293cb5d","id":"/providers/Microsoft.Flow/flows/91fd0127-7bce-49bc-b790-a7bf4293cb5d","type":"Microsoft.Flow/flows","properties":{"apiId":"/providers/Microsoft.PowerApps/apis/shared_logicflows","displayName":"Employee Reminder Not touched in last 14 days","definition":{"metadata":{"workflowEntityId":null,"processAdvisorMetadata":null,"flowclientsuspensionreason":"None","flowclientsuspensiontime":null,"creator":{"id":"a0254c17-4e1d-4747-a116-29ec4e6c38d1","type":"User","tenantId":"d9e4b9dc-27a2-4a15-ba21-c6d7ab399800"},"provisioningMethod":"FromDefinition","failureAlertSubscription":true,"clientLastModifiedTime":"2021-12-30T07:58:00.9536474Z"},"$schema":"https://schema.management.azure.com/providers/Microsoft.Logic/schemas/2016-06-01/workflowdefinition.json#","contentVersion":"1.0.0.0","parameters":{"$connections":{"defaultValue":{},"type":"Object"},"$authentication":{"defaultValue":{},"type":"SecureObject"}},"triggers":{"Recurrence":{"recurrence":{"frequency":"Day","interval":1,"schedule":{"hours":["16"]}},"metadata":{"operationMetadataId":"48abedfb-af11-4a27-bc46-1f46b95cfd3f"},"type":"Recurrence"}},"actions":{"List_rows":{"runAfter":{},"metadata":{"operationMetadataId":"f131846e-6551-4e1a-91ec-2e84663cfee6"},"type":"OpenApiConnection","inputs":{"host":{"apiId":"/providers/Microsoft.PowerApps/apis/shared_commondataserviceforapps","connectionName":"shared_commondataserviceforapps","operationId":"ListRecords"},"parameters":{"entityName":"msft_employees","$filter":"(statecode eq 0 and Microsoft.Dynamics.CRM.OlderThanXDays(PropertyName='modifiedon',PropertyValue=14))","$top":10},"authentication":"@parameters('$authentication')"}},"Apply_to_each":{"foreach":"@outputs('List_rows')?['body/value']","actions":{"Send_an_email_notification_(V3)":{"runAfter":{},"metadata":{"operationMetadataId":"4d3cdfb9-6ac7-43b6-b262-0d33ed4ee042"},"type":"OpenApiConnection","inputs":{"host":{"apiId":"/providers/Microsoft.PowerApps/apis/shared_sendmail","connectionName":"shared_sendmail","operationId":"SendEmailV3"},"parameters":{"request/to":"bipinshan@bipininfysolution.onmicrosoft.com;","request/subject":"Employee has not been updated in last 14 days","request/text":"<p>Hi,<br>\n<br>\nBelow Employee hasn't be updated in last 14 days<br>\n<br>\nEmployee Number - @{items('Apply_to_each')?['msft_employeenumber']}<br>\nEmployee ID - @{items('Apply_to_each')?['msft_employeecode']}<br>\nModified On - @{items('Apply_to_each')?['modifiedon']}<br>\n</p>"},"authentication":"@parameters('$authentication')"}},"Add_a_new_row":{"runAfter":{"Send_an_email_notification_(V3)":["Succeeded"]},"metadata":{"operationMetadataId":"af0cc210-4ef3-4c15-8353-0cc2e2365d8a"},"type":"OpenApiConnection","inputs":{"host":{"apiId":"/providers/Microsoft.PowerApps/apis/shared_commondataserviceforapps","connectionName":"shared_commondataserviceforapps","operationId":"CreateRecord"},"parameters":{"entityName":"tasks","item/subject":"Update Employee Record @{items('Apply_to_each')?['msft_employeenumber']}","item/description":"Employee Record hasn't been updated in last 14 days. Please take action.","item/ownerid_task@odata.bind":"@items('Apply_to_each')?['_ownerid_value']","item/prioritycode":2},"authentication":"@parameters('$authentication')"}},"Update_a_row":{"runAfter":{"Add_a_new_row":["Succeeded"]},"metadata":{"operationMetadataId":"c0add08f-d558-4d74-8deb-11a22236b31e"},"type":"OpenApiConnection","inputs":{"host":{"apiId":"/providers/Microsoft.PowerApps/apis/shared_commondataserviceforapps","connectionName":"shared_commondataserviceforapps","operationId":"UpdateRecord"},"parameters":{"entityName":"msft_employees","recordId":"@items('Apply_to_each')?['msft_employeeid']","item/new_remindersent":true},"authentication":"@parameters('$authentication')"}}},"runAfter":{"List_rows":["Succeeded"]},"metadata":{"operationMetadataId":"2b7a6ba1-1803-4bbe-bcac-a37a1a44239e"},"type":"Foreach"}}},"connectionReferences":{"shared_commondataserviceforapps":{"connectionName":"shared-commondataser-1b4a0d05-6ecc-4923-a8fb-7cd2-704bd549","source":"Embedded","id":"/providers/Microsoft.PowerApps/apis/shared_commondataserviceforapps","tier":"NotSpecified"},"shared_sendmail":{"connectionName":"c0ee34b326f847f898ff9aa71d969251","source":"Embedded","id":"/providers/Microsoft.PowerApps/apis/shared_sendmail","tier":"NotSpecified"}},"flowFailureAlertSubscribed":false}}